<?xml version="1.0" encoding="UTF-8"?>
<!DOCTYPE hibernate-configuration SYSTEM 
"http://www.hibernate.org/dtd/hibernate-configuration-3.0.dtd">
<hibernate-configuration>
<session-factory>

<!-- JDBC data base connecton settings -->
<property name="connection.driver_class">com.mysql.cj.jdbc.Driver</property>
<property name="connection.url">jdbc:mysql://localhost:3306/Products</property>
<property name="connection.username">root</property>
<property name="connection.password">Appu@11042000</property>
<property name="connection.pool_size">1</property>
<property name="dialect">org.hibernate.dialect.MySQLDialect</property>
<property name="show_sql">true</property>
<property name="current_session_context_class">thread</property>

<property name="hbm2ddl.auto">update</property>



</session-factory>
</hibernate-configuration>